url,username,password,totp,extra,name,grouping,fav
https://www.nextmd.com,rdicicco,Baker!99,,Little Rock Diagnostic Clinic,LRDC,Doctor,0
https://www.reddit.com,AndroidFling,Curlycu3,,Reddit,Reddit,/,0
https://digital.fidelity.com/prgw/digital/login/full-page?AuthRedUrl=https://oltx.fidelity.com/ftgw/fbc/ofsummary/defaultPage&AuthOrigUrl=https://statements.fidelity.com/ftgw/fbc/ofstatements/getConfirmsList,e0011159,Aut0crat,,,fidelity.com,Finance,0
https://www.netflix.com/login,rdici@yahoo.com,Aut0crat,,,netflix.com,Entertainment,0
http://www.freshnews.org,,,,,freshnews.org,,0
https://us.etrade.com/etx/hw/v2/accountshome?cnt=header_logon_startin_accounts,rdici72019,Aut0crat,,,etrade.com,Finance,0
https://www.perlmonks.org/,rdici,hc2iawr1Ww,,,perlmonks.org,,0
https://www.paypal.com/us/signin,rdici@yahoo.com,Oqp82zbpXzOg,,,paypal.com,Finance,0
https://citiretailservices.citibankonline.com/RSnextgen/svc/launch/index.action?siteId=SEARS#signon,rdicicco,space123,,,citibankonline.com,Finance,0
https://www.duolingo.com/?isLoggingIn=true,rdici@yahoo.com,HbKU8FQv91vX,,,duolingo.com,Education,0
https://portal.discover.com/customersvcs/universalLogin/signin,rdicicco,eq74RC@G5gIi,,,discover.com,Finance,0
https://seekingalpha.com,rdici@yahoo.com,Ks9c4j6Q0aqQ,,,seekingalpha.com,Finance,0
https://activation.axence.net/signup,rdici@yahoo.com,aU83n5e!PSdH,,,axence.net,Finance,0
https://www.stewmac.com/,rdici@yahoo.com,LBa82xQw,,,stewmac.com,Guitar,0
http://www.linkedin.com,rdici@yahoo.com,L1v7%$0i3Foz,,,linkedin.com,Social,0
https://www.spotify.com,rdici@yahoo.com,@TyT3piNbi2r,,,Spotify,/,0
https://signin.aws.amazon.com/signin?redirect_uri=https%3A%2F%2Fconsole.aws.amazon.com%2Fconsole%2Fhome%3Fstate%3DhashArgs%2523%26isauthcode%3Dtrue&client_id=arn%3Aaws%3Aiam%3A%3A015428540659%3Auser%2Fhomepage&forceMobileApp=0,rdici@yahoo.com,Music!Dad,,,amazon.com,Shopping,0
https://aws.amazon.com,rdici@yahoo.com,m9*P0SuQV8ZC,,,AWS,/,0
https://www.puritan.com/login?cm_re=TopNav-_-Link-_-Login_Register,rdici@yahoo.com,sM7*04$&3d%N,,,puritan.com,,0
https://nextdoor.com/login/?next=/news_feed/%3Fpost%3D131925255%26ct%3D2KpcKYiaczYuN77ma1YkTss-f9DOYxL3hENB3krldSh3nxN5Hh1yqux4e5Qpk2zY%26ec%3DOWKiQRDj9vEHAYwTV6YMARldwuFdgGkeefhwfGYAE0s%253D%26lc%3D1248%26is%3Dtpe,rdici@yahoo.com,EgS371xqCmYy,,,nextdoor.com,Social,0
https://www.youtube.com/signin,rdici@yahoo.com,Yd7U0dX^C3B3,,,Youtube,Entertainment,0
https://global.americanexpress.com/login?inav=iNavLnkLog,rdici,Turn0ffs72211,,,americanexpress.com,Finance,0
https://www.verizonbenefitsconnection.com/lwglobal/pub/logon.jsp?TYPE=33554433&REALMOID=06-497694dc-c826-4297-9e10-b63249f5e560&GUID=0&SMAUTHREASON=0&METHOD=GET&SMAGENTNAME=-SM-zJdSTCV9DkbbxWjSPyax84hUlbnnJ3w%2bvgc%2bNN1CwvyWjhqhY%2fGr05qp3Bsh2HgJbqftGnEKlMjcWkYvhfRMfuX3%2fLKYXUBSPXaK83PsmhfQWvUekxc1B6M3MUINSnFW&TARGET=-SM-%2fglobalweb%2fprot%2fTrafficcop%2fTrafficCop%2easpx,rdici72019,Tiger$Bob2020,,,verizonbenefitsconnection.com,Finance,0
https://fpabenton.mymedaccess.com/login,1936644810,Aut0crat,,Family Practice Associates,Dr. Watson,Doctor,0
https://henryshouseofcoffee.com/account/login?return_url=%2Faccount,rdici@yahoo.com,XLrkf36y2TGE86q,,,henryshouseofcoffee.com,/,0
https://www.ssa.gov/myaccount,TIGERBOB2020,Fenway$Park2020,,,ssa.gov,Finance,0
https://www.harborfreight.com/customer/account/login,rdici@yahoo.com,264q#%e7M398,,,harborfreight.com,Tools,0
https://www.warmoth.com/Login.aspx,rdici@yahoo.com,^X4i*N0kgch%,,,warmoth.com,Guitar,0
https://www.ebay.com/,robert.dicicco@gmail.com,Turn0ffs72211,,,ebay.com,Shopping,0
https://www.chewy.com/app/login?targetUrl=%2Fapp%2Fcheckout,rdici@yahoo.com,NaOse17nDsL2,,,chewy.com,/,0
https://www.cheaperthandirt.com/checkoutlogin,rdici@yahoo.com,2Ru3x&Wz8$LR,,,cheaperthandirt,login,0
https://www.guitarfetish.com/myaccount.asp,rdici@yahoo.com,Y9#t!5jrMEDJ,,,guitarfetish.com,/,0
https://www.solomusicgear.com/my-account/,rdici@yahoo.com,naQS19o!G%pl,,,solomusicgear.com,Guitar,0
https://virtual.awsevents.com/user/login?authNError=1&,robert.dicicco@gmail.com,Music!Dad!1,,,awsevents.com,,0
https://curiositystream.com/login,robert.dicicco@gmail.com,pC93x&R2rHqp,,,curiositystream.com,/,0
https://www.budsgunshop.com/product_info.php/products_id/52275,rdici@yahoo.com,Ao5P0udCBKno,,,budsgunshop.com,,0
https://www.twitch.tv/,Rdici,0W1i3&VaodfX,,,twitch.tv,Games,0
https://www.newegg.com/,rdici@yahoo.com,2wF974&s*OOE,,,newegg.com,Shopping,0
https://www.sweetwater.com/myaccount/login.php,rdici@yahoo.com,e93MY42@yzii,,,sweetwater.com,/,0
https://www.zzounds.com/account-login?event_src=hl,rdici@yahoo.com,V547nB*QwEZn,,,zzounds.com,/,0
https://www.warbyparker.com/login?next=%2Faccount,rdici@yahoo.com,61AdFg8oA$%3,,,warbyparker.com,/,0
https://www.zennioptical.com/login,rdici@yahoo.com,dI47$PJ0bsIZ,,,zennioptical.com,Shopping,0
https://login.norton.com/sso/idp/OIDC?scope=openid+email+address&response_type=code&redirect_uri=https%3A%2F%2Fprod1-fe-memex-api-ext.prod.aws.lifelock.com%2Fnsl%2FoidcRedirect&state=eyJ1dWlkIjoiMDFjZTM2MGYtMTI1Zi00M2JiLTg3MGEtYTEwYjFmNzBhMzVhIiwiZGVzdCI6bnVsbCwibWVtYmVyYXBwIjpudWxsLCJyZWZlcnJlciI6ImxpZmVsb2NrIiwic3BhQnVuZGxlIjoiTUVNQkVSV0VCIiwicmVkaXJlY3RQYXRoIjoiaG9tZSJ9&nonce=c63ecee4-dd23-4d22-a2df-e637412454a6&client_id=1GWUH7U5V0%2Fprod1-fe-memex-api-ext.prod.aws.lifelock.com%2Fsymantec,rdici@yahoo.com,Autumn!55,,Formerly Lifelock,norton.com,Business,0
https://getpocket.com/signup?src=navbar,rdici@yahoo.com,6f&3DZ@N5mb1,,,getpocket.com,Productivity Tools,0
https://hopin.com/sign_up,rdici@yahoo.com,q8L4oBk!v4YN,,Ozark Mountain UFO Conference,Ozark Mountain UFO Conference,,0
https://www.codewars.com/users/sign_in,rdici@yahoo.com,AuSPt2n261f9,,,codewars.com,,0
https://www.ups.com/lasso/login,rdici,C3#qh5xBiH^P,,,ups.com,Business,0
https://www.pinchme.com/?referral_source=HasOffers&offer_id=2322&transaction_id=10210837ac80a88d595c58a1f40a37&affiliate_id=5818,rdici@yahoo.com,space123,,,pinchme.com,,0
https://sso.accounts.dowjones.com/login?state=g6Fo2SA1VGxvdFJzcDJfYXpSSnZ5X29kOWh3WGlESS1oanEyb6N0aWTZIHRobUhjSFpNLTBpZFBWRkczcjJfVnY5cXNVQkt5dzR5o2NpZNkgNWhzc0VBZE15MG1KVElDbkpOdkM5VFhFdzNWYTdqZk8&client=5hssEAdMy0mJTICnJNvC9TXEw3Va7jfO&protocol=oauth2&scope=openid%20idp_id%20roles%20email%20given_name%20family_name%20djid%20djUsername%20djStatus%20trackid%20tags%20prts%20suuid&response_type=code&redirect_uri=https%3A%2F%2Faccounts.wsj.com%2Fauth%2Fsso%2Flogin&nonce=4c5c6105-0f9b-418f-adec-445623d4e488&ui_locales=en-us-x-wsj-83-2&ns=prod%2Faccounts-wsj&savelogin=on#!/signin,rdici@yahoo.com,8o7ROrk3jEPg,,,Wall Street Journal,,0
https://www.facebook.com/groups/511628212523719/,rdici@yahoo.com,0M2&mso%iJYl,,https://www.facebook.com/groups/511628212523719/,facebook.com,Social,0
https://www.researchgate.net/signup.SignUpInstitution.html,rdici@yahoo.com,f78PPv@FnyB3,,,researchgate.net,Education,0
https://www.mycareplusonline.com/patient_enrollment/form/%3Furi%3DHOSA,RDicicco,Ki!22NzD5Z0R,,,mycareplusonline.com,,0
http://www.cryptogram.org/member-area/convention-registration/,ACA,"zr,2(nD9",,,cryptogram.org,,0
https://setiathome.berkeley.edu/login_form.php?next_url=%2Fhome.php,rdici@yahoo.com,34yK5sewR3Dc,,,berkeley.edu,Education,0
https://boinc.bakerlab.org/rosetta/home.php,rdici@yahoo.com,4Ee6*#ABWs8Q,,,bakerlab.org,/,0
https://www.jstor.org/action/showLogin?redirectUri=%2F,,mE3$7W#D4YZd,,,JSTOR,/,0
https://store.steampowered.com/join/completesignup?&snr=1_60_4__62&creationid=1714433241715643181,mikado2114,95f4oVMd6x^M,,,steampowered.com,Games,0
https://www.geeksforgeeks.org/perl-tutorial-learn-perl-with-examples/#OOPs,rdici@yahoo.com,&Ms79^u05g9a,,,geeksforgeeks.org,,0
https://leetcode.com/accounts/login/,rdici,vXcQ2eKUMGvyWkN,,,leetcode.com,,0
https://www.hackerrank.com/auth/signup,rdici@yahoo.com,8I5bjJdFb0VE,,,hackerrank.com,,0
https://www.homedepot.com/auth/view/checkout/createaccount/diy,rdici@yahoo.com,iy527NKAQIgv,,,homedepot.com,Shopping,0
http://www.musiciansfriend.com,rdici@yahoo.com,wZPWuQMq2Jmi9T7,,,musiciansfriend.com,,0
https://login.live.com/ppsecure/post.srf?response_type=code&client_id=51483342-085c-4d86-bf88-cf50c7252078&scope=openid+profile+email+offline_access&response_mode=form_post&display=host&redirect_uri=https%3a%2f%2flogin.microsoftonline.com%2fcommon%2ffederation%2foauth2msa&state=rQIIAdNiNtIzsFJJTE1KNjMxMda1tDRL0TUxTTbStTRIM9A1trBIS7M0S0tMNDUrEuISmHDJZbtzyxW3Pc1P_4pN_-Ezi5EzPiezLFUvOT93FaNWRklJQbGVvn5ZcXJ-SqpuUWpKZlFqcoleYlVpUWp5alJxZklqsV5eaon-DkbGC4yMLxgZbzHx-zuWlmQYgYj8osyq1FdMfMWpOUBt8YnJyfmleSWfmFgLS1OLKmcxy5maGVga6_iYB6T7m5kbBlWFpHplGXh7RlRpOwba2m5i5s0vSk_My6xKLMnMzys-xaycmpuYmaOQn5aWk5mXCjIwtbhYIb8gNS8zRaGgKD8tMyf1BjPjBRbGVyw8BsxWHBxcAgwSDAoMP1gYF7ECPXximfQTidvtLtu_lawsyrdnOMWqX-joH1hYaVgYHmziVWJckZ5mWhJa4W6cGugVnpGdFmJekW6SnBZoGGlR5GlramU4gY3xAxtjBzvDLk4SwmcVl7a7W2VuWVRkaXBURlK2s2FOalSopauHUVS2sUVpUpSzkYuJV1BwVXBFlZvrBi7GW1wiRgZGhrqGRroGlgqG5lamJlYmplEbeBgP8DIAAA2&estsfed=1&fci=aebc6443-996d-45c2-90f0-388ff96faa56&username=rdici%40yahoo.com&login_hint=rdici%40yahoo.com&contextid=58EC147BC8A8D373&bk=1639072499&uaid=b744d290844346d4bc83e5fd1697f84c&pid=15216,rdici@yahoo.com,Aut0crat,,,live.com,Email,0
https://odysee.com,rdici@yahoo.com,DDX5TL7kghBckpV,,,Odysee,/,0
https://account.noom.com/login/,rdici@yahoo.com,Magnet55Beer,,,noom.com,,0
http://blogs.perl.org/mt/mt-cp.cgi?__mode=login&blog_id=3226&return_url=http%3A%2F%2Fblogs.perl.org%2Fusers%2Flaurent_r%2F,rdici,4xjYNx2bCwYK,,,Laurent_R,/,0
https://www.codecademy.com/login,rdici@yahoo.com,Turn0ffs72211,,,codecademy.com,Education,0
https://rubygems.org/session,rdici,URWw7Q8wvq6n,,,rubygems.org,,0
https://github.com/login?return_to=https%3A%2F%2Fgithub.com%2Fsignup%3Fref_cta%3DSign%2Bup%26ref_loc%3Dheader%2Blogged%2Bout%26ref_page%3D%252F%26source%3Dheader-home,rdici@yahoo.com,1fgj3QBZUyi9,,"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
https://github.com/rdici/PWC2.git

git clone git@github.com:rdici/PWC2.git  using ssh",github.com,Productivity Tools,0
http://perltraining.com.au/cgi-bin/mailman/listinfo/perl-tips,rdici@yahoo.com,space123,,,perltraining.com.au,,0
https://login.yahoo.com/?.lang=en-US&src=homepage&.done=https%3A%2F%2Fwww.yahoo.com%2F&pspid=2023538075&activity=ybar-signin,rdici@yahoo.com,Aut0crat,,,yahoo.com,Email,0
https://www.westerndigital.com/en-us,rdici@yahoo.com,cia8DX00v2Iv,,,westerndigital.com,,0
http://platform.activestate.com,rdici@yahoo.com,oKx4ehMR6DEx,,,activestate.com,,0
https://www.friendos.com,robert.dicicco@gmail.com,Turn0ffs72211,,,friendos,/,0
https://appsec.aarp.org/mem/join?CMP=RDRCT-MEM-ACQ-033120i&campaignid=UZZU2FLT&tc_hpc=join.aarp.org&tc_tm_version=coupon-code,rdici@yahoo.com,Xgh0Qk8WVKvJ,,,aarp.org,News/Reference,0
http://www.duolingo.com,RobertDiCi,HbKU8FQv91vX,,,duolingo.com,Education,0
http://customercenter.wsj.com,rdici@yahoo.com,2!ah63cIiqF0,,,wsj.com,News/Reference,0
https://www.wired.com/,rdici@yahoo.com,1xQ4Xb7BoiWu,,,Wired.com,/,0
https://discourse.julialang.org,,Magnet55Beer,,login with GitHub,JuliaLang,,0
https://www.coasttocoastam.com/sign-up/?emailToken=eyJhbGciOiJIUzI1NiIsInR5cCI6IkpXVCJ9.eyJlbWFpbCI6InJkaWNpQHlhaG9vLmNvbSIsImlhdCI6MTY1MTE4NTM1OX0.Nz6FTcqdKdCE9ZIsf7VbfGLcyXeNjCDSCWoyJPnRslQ&a=2&c=3,lastpass,1KkJK27AbJnK,,,coasttocoastam.com,,0
https://mychart.acumenmd.com/RAAR/accesscheck.asp?InstAct=WP-245clX9HYanY6ST3-2F8rS-2BVUbVYghLi4d-2FSu2Rhq07404c-3D-24p3Ok7Sc-2B7LHahxh1MRPVNVreeR-2FT0S26CvmfS-2B-2FRbK8-3D,rdici@yahoo.com,7I5K3Njb1FLV,,,acumenmd.com,,0
https://portal.domotz.com/webapp/#/signup,United States,97pHOWqaJeHd,,,domotz.com,,0
https://rubygems.org/users,BobbyD,I8pr7B1Nn6A6,,,rubygems.org,,0
https://profile.oracle.com/myprofile/account/create-account.jspx,robert.dicicco@gmail.com,Aut0crat!,,,oracle.com,Business,0
https://www.eclipse.org/projects/,BobbyD,oZ493j!tPKkf,,,eclipse.org,,0
https://www.udemy.com/cart/,robert.dicicco@gmail.com,9mF^1ky0oJub,,,udemy.com,Education,0
https://en.wikipedia.org/w/index.php?title=Special:UserLogin&returnto=Main+Page,AndroidFling,ji9HzM5KyiLE2Y4,,,wikipedia.org,News/Reference,0
https://accounts.adafruit.com/users/sign_up,AndroidFling,9djB&6*NpPcz,,,adafruit.com,,0
https://my.surfshark.com/account/password?userId=4b9a072e-f8fd-4bae-bbd8-6645a42e71b9,rdici@yahoo.com,5z97O*ucwPoj,,,surfshark.com,,0
https://rosettacode.org/w/index.php?title=Special:UserLogin&returnto=Category%3AProgramming+Tasks,BobbyD,l6&8AHfQ5$uo,,,rosettacode.org,,0
https://www.myfitnesspal.com/account/create,rdici@yahoo.com,^1Q233gkXmLQ,,,myfitnesspal.com,Health,0
https://program.calorieking.com/login?sign-in-with=email,Robert DiCicco,O653ej!4ufPP,,,calorieking.com,,0
https://www.healthproductsforyou.com/MyAccount/forgotpassword,rdici@yahoo.com,^sq@eyC4*w5^,,,healthproductsforyou.com,,0
http://reverb.com,rdici@yahoo.com,4N5NJMtzuhcxfc2,,,reverb.com,,0
https://users.wix.com/signin?defaultEmail=rdici@yahoo.com&loginDialogContext=signup&forceRender=true,rdici@yahoo.com,7etD0#%XToLv,,,wix.com,Productivity Tools,0
https://auth0.openai.com,rdici@yahoo.com,9aQcKHP44L8maQz,,,openai.com,,0
https://ring.com,rdici@yahoo.com,L2&3CpRquGz2,,,ring.com,,0
https://www.itchyboots.com,rdici@yahoo.com,pE7^WWJ2ovq!,,,itchyboots.com,,0
https://poetry.submittable.com,rdici@yahoo.com,z9^f!piY*csK,,,submittable.com,,0
https://discord.com,rdici@yahoo.com,eW7fc8@s5tFw,,jyr3 f5za 3gfb gsi5,discord.com,,0
https://www.bandlab.com,rdici@yahoo.com,j9tV3*JfB!2W,,,bandlab.com,,0
https://id.mcafee.com,rdici@yahoo.com,Kj0je&PEp2y2,,,mcafee.com,,0
https://choffy.com,rdici@yahoo.com,sP99u!!ZHuf1,,,choffy.com,,0
https://surveys.gobranded.com,rdici@yahoo.com,A$b5378JJHF9,,,gobranded.com,,0
https://www.jmbullion.com,rdici@yahoo.com,cZ?bN!7$xK26%_#,,,jmbullion.com,,0
https://ids.mlb.com,rdici@yahoo.com,sRTCDBkaXd8b75i,,,mlb.com,,0
http://sn,,,,"NoteType:Address
Title:
First Name:Robert
Middle Name:
Last Name:DiCicco
Username:
Gender:
Birthday:
Company:
Address 1:1005 Loyola Drive
Address 2:
Address 3:
City / Town:Little Rock
County:
State:3
Zip / Postal Code:72211
Country:231
Timezone:
Email Address:rdici@yahoo.com
Phone:{""num"":""501-993-0960"",""cc3l"":"""",""ext"":""""}
Evening Phone:
Mobile Phone:
Fax:",Robert DiCicco,,0
http://sn,,,,"NoteType:Credit Card
Name on Card:
Type:American Express
Number:371287980854008
Security Code:
Start Date:
Expiration Date:October,2024
Notes:",American Express,,0
http://sn,,,,"NoteType:Credit Card
Name on Card:
Type:American Express
Number:371287980855005
Security Code:5281
Start Date:
Expiration Date:February,2028
Notes:",American Express,,0
